Saline,Dex
0.29958322,0.289673689*
0.10598031,0.111338919
0.031475841,0.16036635
,0.056290864
0.469108681,0.071747321
0.201135664,0.195474515*
0.157260507,0.087298293
0.009651615*,0.118317425*
0.348000899,0.075922322
0.054681813*,0.156758416*
0.088000575*,0.126476552
